type_from,type_to,inst_from,inst_to,inst_key
ALMACENES GENERALES DE DEPOSITO,ALMACENES GENERALES DE DEPOSITO,"ALMACAFE S,A,",ALMACAFE S.A.,1
ALMACENES GENERALES DE DEPOSITO,ALMACENES GENERALES DE DEPOSITO,ALMACAFE S.A.,ALMACAFE S.A.,1
ALMACENES GENERALES DE DEPOSITO,ALMACENES GENERALES DE DEPOSITO,"ALMAVIVA S,A,",ALMAVIVA S.A.,2
ALMACENES GENERALES DE DEPOSITO,ALMACENES GENERALES DE DEPOSITO,ALMAVIVA S.A.,ALMAVIVA S.A.,2
ALMACENES GENERALES DE DEPOSITO,ALMACENES GENERALES DE DEPOSITO,"ALPOPULAR S,A,",ALPOPULAR S.A.,3
ALMACENES GENERALES DE DEPOSITO,ALMACENES GENERALES DE DEPOSITO,ALPOPULAR S.A.,ALPOPULAR S.A.,3
BOLSAS AGROPECUARIAS,BOLSAS AGROPECUARIAS,BMC BOLSA MERCANTIL DE COLOMBIA S.A.,BMC BOLSA MERCANTIL DE COLOMBIA S.A.,4
BOLSAS DE VALORES,BOLSAS DE VALORES,BOLSA DE VALORES DE COLOMBIA S.A.,BOLSA DE VALORES DE COLOMBIA S.A.,5
CAMARA RIESGO CENTRAL D CONTRAPARTE,CAMARA RIESGO CENTRAL DE CONTRAPARTE,CAMARA DE RIESGO CENTRAL DE CONTRAP,CAMARA DE RIESGO CENTRAL DEE CONTRAPARTE,6
COMISIONISTAS  DE BOLSA DE VALORES,COMISIONISTAS  DE BOLSA DE VALORES,ACCIONES Y VALORES S.A.  COMISIONISTAS DE BOLSA,ACCIONES Y VALORES S.A.  COMISIONISTAS DE BOLSA,7
COMISIONISTAS  DE BOLSA DE VALORES,COMISIONISTAS  DE BOLSA DE VALORES,ADCAP COLOMBIA S.A.COMISIONISTA DE BOLSA,ADCAP COLOMBIA S.A.COMISIONISTA DE BOLSA,8
COMISIONISTAS  DE BOLSA DE VALORES,COMISIONISTAS  DE BOLSA DE VALORES,ALIANZA VALORES COMISIONISTA DE BOLSA S.A.,ALIANZA VALORES COMISIONISTA DE BOLSA S.A.,9
COMISIONISTAS  DE BOLSA DE VALORES,COMISIONISTAS  DE BOLSA DE VALORES,BBVA VALORES COLOMBIA S.A. COMISIONISTA DE BOLSA - BBVA VALORES,BBVA VALORES COLOMBIA S.A. COMISIONISTA DE BOLSA - BBVA VALORES,10
COMISIONISTAS  DE BOLSA DE VALORES,COMISIONISTAS  DE BOLSA DE VALORES,BTG PACTUAL S.A. COMISIONISTA DE BOLSA,BTG PACTUAL S.A. COMISIONISTA DE BOLSA,11
COMISIONISTAS  DE BOLSA DE VALORES,COMISIONISTAS  DE BOLSA DE VALORES,CASA DE BOLSA S.A. SOCIEDAD COMISIONISTA DE BOLSA,CASA DE BOLSA S.A. SOCIEDAD COMISIONISTA DE BOLSA,12
COMISIONISTAS  DE BOLSA DE VALORES,COMISIONISTAS  DE BOLSA DE VALORES,CITIVALORES S.A.  COMISIONISTA DE BOLSA,CITIVALORES S.A.  COMISIONISTA DE BOLSA,13
COMISIONISTAS  DE BOLSA DE VALORES,COMISIONISTAS  DE BOLSA DE VALORES,COMPANIA DE PROFESIONALES DE BOLSA S.A.,COMPANIA DE PROFESIONALES DE BOLSA S.A.,14
COMISIONISTAS  DE BOLSA DE VALORES,COMISIONISTAS  DE BOLSA DE VALORES,COMPASS GROUP S.A.COMISIONISTA DE BOLSA antes Promotora Bursatil de Colombia,COMPASS GROUP S.A.COMISIONISTA DE BOLSA antes Promotora Bursatil de Colombia,15
COMISIONISTAS  DE BOLSA DE VALORES,COMISIONISTAS  DE BOLSA DE VALORES,CORREDORES DAVIVIENDA S.A.COMISIONISTA DE BOLSA,CORREDORES DAVIVIENDA S.A.COMISIONISTA DE BOLSA,16
COMISIONISTAS  DE BOLSA DE VALORES,COMISIONISTAS  DE BOLSA DE VALORES,CREDICORP CAPITAL COLOMBIA S.A.,CREDICORP CAPITAL COLOMBIA S.A.,17
COMISIONISTAS  DE BOLSA DE VALORES,COMISIONISTAS  DE BOLSA DE VALORES,GLOBAL SECURITIES S.A. COMISIONISTA DE BOLSA,GLOBAL SECURITIES S.A. COMISIONISTA DE BOLSA,18
COMISIONISTAS  DE BOLSA DE VALORES,COMISIONISTAS  DE BOLSA DE VALORES,ITAU COMISIONISTA DE BOLSA COLOMBIA S.A.,ITAU COMISIONISTA DE BOLSA COLOMBIA S.A.,19
COMISIONISTAS  DE BOLSA DE VALORES,COMISIONISTAS  DE BOLSA DE VALORES,LARRAIN VIAL COLOMBIA S.A.  COMISIONISTA DE BOLSA,LARRAIN VIAL COLOMBIA S.A.  COMISIONISTA DE BOLSA,20
COMISIONISTAS  DE BOLSA DE VALORES,COMISIONISTAS  DE BOLSA DE VALORES,SCOTIA SECURITIES (COLOMBIA) S.A. SOCIEDAD COMISIONISTA DE BOLSA,SCOTIA SECURITIES (COLOMBIA) S.A. SOCIEDAD COMISIONISTA DE BOLSA,21
COMISIONISTAS  DE BOLSA DE VALORES,COMISIONISTAS  DE BOLSA DE VALORES,SERVIVALORES GNB SUDAMERIS S.A. COMISIONISTA DE BOLSA. antes SumaValores,SERVIVALORES GNB SUDAMERIS S.A. COMISIONISTA DE BOLSA. antes SumaValores,22
COMISIONISTAS  DE BOLSA DE VALORES,COMISIONISTAS  DE BOLSA DE VALORES,SKANDIA VALORES S.A. SOCIEDAD COMISIONISTA DE BOLSA,SKANDIA VALORES S.A. SOCIEDAD COMISIONISTA DE BOLSA,23
COMISIONISTAS  DE BOLSA DE VALORES,COMISIONISTAS  DE BOLSA DE VALORES,UALET S.A. COMISIONISTA DE BOLSA,UALET S.A. COMISIONISTA DE BOLSA,24
COMISIONISTAS  DE BOLSA DE VALORES,COMISIONISTAS  DE BOLSA DE VALORES,VALORES BANCOLOMBIA S.A. COMISIONISTA DE BOLSA,VALORES BANCOLOMBIA S.A. COMISIONISTA DE BOLSA,25
COMPANIAS DE FINANCIAMIENTO COMERCI,COMPANIAS DE FINANCIAMIENTO,"COLTEFINANCIERA S,A,",COLTEFINANCIERA S.A.,26
COMPANIAS DE FINANCIAMIENTO COMERCI,COMPANIAS DE FINANCIAMIENTO,COLTEFINANCIERA S.A.,COLTEFINANCIERA S.A.,26
COMPANIAS DE FINANCIAMIENTO COMERCI,COMPANIAS DE FINANCIAMIENTO,"COMPANIA DE FINANCIAMIENTO TUYA S,A",COMPANIA DE FINANCIAMIENTO TUYA S.A,27
COMPANIAS DE FINANCIAMIENTO COMERCI,COMPANIAS DE FINANCIAMIENTO,COMPANIA DE FINANCIAMIENTO TUYA S.A,COMPANIA DE FINANCIAMIENTO TUYA S.A,27
COMPANIAS DE FINANCIAMIENTO COMERCI,COMPANIAS DE FINANCIAMIENTO,CREDIFAMILIA,CREDIFAMILIA,28
COMPANIAS DE FINANCIAMIENTO COMERCI,COMPANIAS DE FINANCIAMIENTO,"DANN REGIONAL S,A,",DANN REGIONAL S.A.,29
COMPANIAS DE FINANCIAMIENTO COMERCI,COMPANIAS DE FINANCIAMIENTO,DANN REGIONAL S.A.,DANN REGIONAL S.A.,29
COMPANIAS DE FINANCIAMIENTO COMERCI,COMPANIAS DE FINANCIAMIENTO,FIN JURISCOOP SA CIA FINANCIAMIENTO,FIN JURISCOOP SA CIA FINANCIAMIENTO,30
COMPANIAS DE FINANCIAMIENTO COMERCI,COMPANIAS DE FINANCIAMIENTO,"GIROS Y FINANZAS  S,A, C,F",GIROS Y FINANZAS  S.A. C.F,31
COMPANIAS DE FINANCIAMIENTO COMERCI,COMPANIAS DE FINANCIAMIENTO,GIROS Y FINANZAS  S.A. C.F,GIROS Y FINANZAS  S.A. C.F,31
COMPANIAS DE FINANCIAMIENTO COMERCI,COMPANIAS DE FINANCIAMIENTO,"GM FINANCIAL COLOMBIA S,A,",GM FINANCIAL COLOMBIA S.A.,32
COMPANIAS DE FINANCIAMIENTO COMERCI,COMPANIAS DE FINANCIAMIENTO,GM FINANCIAL COLOMBIA S.A.,GM FINANCIAL COLOMBIA S.A.,32
COMPANIAS DE FINANCIAMIENTO COMERCI,COMPANIAS DE FINANCIAMIENTO,LA HIPOTECARIA COMPANIA DE FINANCIA,LA HIPOTECARIA COMPANIA DE FINANCIA,33
COMPANIAS DE FINANCIAMIENTO COMERCI,COMPANIAS DE FINANCIAMIENTO,"LEASING BANCOLDEX S,A,",LEASING BANCOLDEX S.A.,34
COMPANIAS DE FINANCIAMIENTO COMERCI,COMPANIAS DE FINANCIAMIENTO,LEASING BANCOLDEX S.A.,LEASING BANCOLDEX S.A.,34
COMPANIAS DE FINANCIAMIENTO COMERCI,COMPANIAS DE FINANCIAMIENTO,OPPORTUNITY INTERNATIONAL COLOMBIA,OPPORTUNITY INTERNATIONAL COLOMBIA,35
COMPANIAS DE FINANCIAMIENTO COMERCI,COMPANIAS DE FINANCIAMIENTO,PAGOS INTERNACIONALES,PAGOS INTERNACIONALES,36
COMPANIAS DE FINANCIAMIENTO COMERCI,COMPANIAS DE FINANCIAMIENTO,"RCI COLOMBIA S,A, COMPANIA DE FINAN",RCI COLOMBIA S.A. COMPANIA DE FINAN,37
COMPANIAS DE FINANCIAMIENTO COMERCI,COMPANIAS DE FINANCIAMIENTO,RCI COLOMBIA S.A. COMPANIA DE FINAN,RCI COLOMBIA S.A. COMPANIA DE FINAN,37
COMPANIAS DE SEGUROS DE VIDA,COMPANIAS DE SEGUROS DE VIDA,"ALLIANZ SEGUROS DE VIDA S,A,",ALLIANZ SEGUROS DE VIDA S.A.,38
COMPANIAS DE SEGUROS DE VIDA,COMPANIAS DE SEGUROS DE VIDA,ALLIANZ SEGUROS DE VIDA S.A.,ALLIANZ SEGUROS DE VIDA S.A.,38
COMPANIAS DE SEGUROS DE VIDA,COMPANIAS DE SEGUROS DE VIDA,AURORA VIDA,AURORA VIDA,39
COMPANIAS DE SEGUROS DE VIDA,COMPANIAS DE SEGUROS DE VIDA,"AXA Colpatria  Seguros de Vida S,A,",AXA Colpatria  Seguros de Vida S.A.,40
COMPANIAS DE SEGUROS DE VIDA,COMPANIAS DE SEGUROS DE VIDA,AXA Colpatria  Seguros de Vida S.A.,AXA Colpatria  Seguros de Vida S.A.,40
COMPANIAS DE SEGUROS DE VIDA,COMPANIAS DE SEGUROS DE VIDA,"BBVA SEGUROS DE VIDA COLOMBIA S,A,",BBVA SEGUROS DE VIDA COLOMBIA S.A.,41
COMPANIAS DE SEGUROS DE VIDA,COMPANIAS DE SEGUROS DE VIDA,BBVA SEGUROS DE VIDA COLOMBIA S.A.,BBVA SEGUROS DE VIDA COLOMBIA S.A.,41
COMPANIAS DE SEGUROS DE VIDA,COMPANIAS DE SEGUROS DE VIDA,BMI COLOMBIA COMPANIA ADE SEGUROS,BMI COLOMBIA COMPANIA ADE SEGUROS,42
COMPANIAS DE SEGUROS DE VIDA,COMPANIAS DE SEGUROS DE VIDA,BOLIVAR VIDA,BOLIVAR VIDA,43
COMPANIAS DE SEGUROS DE VIDA,COMPANIAS DE SEGUROS DE VIDA,"GLOBAL SEGUROS DE VIDA S,A,",GLOBAL SEGUROS DE VIDA S.A.,44
COMPANIAS DE SEGUROS DE VIDA,COMPANIAS DE SEGUROS DE VIDA,GLOBAL SEGUROS DE VIDA S.A.,GLOBAL SEGUROS DE VIDA S.A.,44
COMPANIAS DE SEGUROS DE VIDA,COMPANIAS DE SEGUROS DE VIDA,"HDI SEGUROS DE VIDA S,A,",HDI SEGUROS DE VIDA S.A.,45
COMPANIAS DE SEGUROS DE VIDA,COMPANIAS DE SEGUROS DE VIDA,HDI SEGUROS DE VIDA S.A.,HDI SEGUROS DE VIDA S.A.,45
COMPANIAS DE SEGUROS DE VIDA,COMPANIAS DE SEGUROS DE VIDA,LA EQUIDAD VIDA,LA EQUIDAD VIDA,46
COMPANIAS DE SEGUROS DE VIDA,COMPANIAS DE SEGUROS DE VIDA,"MAPFRE COLOMBIA VIDA SEGUROS S,A,",MAPFRE COLOMBIA VIDA SEGUROS S.A.,47
COMPANIAS DE SEGUROS DE VIDA,COMPANIAS DE SEGUROS DE VIDA,MAPFRE COLOMBIA VIDA SEGUROS S.A.,MAPFRE COLOMBIA VIDA SEGUROS S.A.,47
COMPANIAS DE SEGUROS DE VIDA,COMPANIAS DE SEGUROS DE VIDA,"METLIFE COLOMBIA SEGUROS DE VIDA S,",METLIFE COLOMBIA SEGUROS DE VIDA S.,48
COMPANIAS DE SEGUROS DE VIDA,COMPANIAS DE SEGUROS DE VIDA,METLIFE COLOMBIA SEGUROS DE VIDA S.,METLIFE COLOMBIA SEGUROS DE VIDA S.,48
COMPANIAS DE SEGUROS DE VIDA,COMPANIAS DE SEGUROS DE VIDA,Old Mutual Seguros de Vida,Old Mutual Seguros de Vida,49
COMPANIAS DE SEGUROS DE VIDA,COMPANIAS DE SEGUROS DE VIDA,PAN AMERICAN LIFE,PAN AMERICAN LIFE,50
COMPANIAS DE SEGUROS DE VIDA,COMPANIAS DE SEGUROS DE VIDA,"POSITIVA COMPANIA DE SEGUROS S,A",POSITIVA COMPANIA DE SEGUROS S.A,51
COMPANIAS DE SEGUROS DE VIDA,COMPANIAS DE SEGUROS DE VIDA,POSITIVA COMPANIA DE SEGUROS S.A,POSITIVA COMPANIA DE SEGUROS S.A,51
COMPANIAS DE SEGUROS DE VIDA,COMPANIAS DE SEGUROS DE VIDA,"RIESGOS PROFESIONALES COLMENA S,A,",RIESGOS PROFESIONALES COLMENA S.A.,52
COMPANIAS DE SEGUROS DE VIDA,COMPANIAS DE SEGUROS DE VIDA,RIESGOS PROFESIONALES COLMENA S.A.,RIESGOS PROFESIONALES COLMENA S.A.,52
COMPANIAS DE SEGUROS DE VIDA,COMPANIAS DE SEGUROS DE VIDA,SURAMERICANA VIDA,SURAMERICANA VIDA,53
COMPANIAS DE SEGUROS DE VIDA,COMPANIAS DE SEGUROS DE VIDA,"VIDA ESTADO S,A,",VIDA ESTADO S.A.,54
COMPANIAS DE SEGUROS DE VIDA,COMPANIAS DE SEGUROS DE VIDA,VIDA ESTADO S.A.,VIDA ESTADO S.A.,54
COMPANIAS DE SEGUROS DE VIDA,COMPANIAS DE SEGUROS DE VIDA,"VIDALFA S,A,",VIDALFA S.A.,55
COMPANIAS DE SEGUROS DE VIDA,COMPANIAS DE SEGUROS DE VIDA,VIDALFA S.A.,VIDALFA S.A.,55
COMPANIAS DE SEGUROS GENERALES,COMPANIAS DE SEGUROS GENERALES,"ALFA S,A,",ALFA S.A.,56
COMPANIAS DE SEGUROS GENERALES,COMPANIAS DE SEGUROS GENERALES,ALFA S.A.,ALFA S.A.,56
COMPANIAS DE SEGUROS GENERALES,COMPANIAS DE SEGUROS GENERALES,"ALLIANZ SEGUROS S,A,",ALLIANZ SEGUROS S.A.,57
COMPANIAS DE SEGUROS GENERALES,COMPANIAS DE SEGUROS GENERALES,ALLIANZ SEGUROS S.A.,ALLIANZ SEGUROS S.A.,57
COMPANIAS DE SEGUROS GENERALES,COMPANIAS DE SEGUROS GENERALES,"AXA Colpatria Seguros S,A,",AXA Colpatria Seguros S.A.,58
COMPANIAS DE SEGUROS GENERALES,COMPANIAS DE SEGUROS GENERALES,AXA Colpatria Seguros S.A.,AXA Colpatria Seguros S.A.,58
COMPANIAS DE SEGUROS GENERALES,COMPANIAS DE SEGUROS GENERALES,"BBVA SEGUROS COLOMBIA  S,A,",BBVA SEGUROS COLOMBIA  S.A.,59
COMPANIAS DE SEGUROS GENERALES,COMPANIAS DE SEGUROS GENERALES,BBVA SEGUROS COLOMBIA  S.A.,BBVA SEGUROS COLOMBIA  S.A.,59
COMPANIAS DE SEGUROS GENERALES,COMPANIAS DE SEGUROS GENERALES,BERKLEY INTERN SEGUROS COLOMBIA SA,BERKLEY INTERN SEGUROS COLOMBIA SA,60
COMPANIAS DE SEGUROS GENERALES,COMPANIAS DE SEGUROS GENERALES,"BOLIVAR S,A,",BOLIVAR S.A.,61
COMPANIAS DE SEGUROS GENERALES,COMPANIAS DE SEGUROS GENERALES,BOLIVAR S.A.,BOLIVAR S.A.,61
COMPANIAS DE SEGUROS GENERALES,COMPANIAS DE SEGUROS GENERALES,CARDIF  COLOMBIA SEG GENERALES SA,CARDIF  COLOMBIA SEG GENERALES SA,62
COMPANIAS DE SEGUROS GENERALES,COMPANIAS DE SEGUROS GENERALES,CHUBB DE COLOMBIA,CHUBB DE COLOMBIA,63
COMPANIAS DE SEGUROS GENERALES,COMPANIAS DE SEGUROS GENERALES,COFACE COLOMBIA SEGUROS DE CREDITO,COFACE COLOMBIA SEGUROS DE CREDITO,64
COMPANIAS DE SEGUROS GENERALES,COMPANIAS DE SEGUROS GENERALES,CONFIANZA,CONFIANZA,65
COMPANIAS DE SEGUROS GENERALES,COMPANIAS DE SEGUROS GENERALES,"ESTADO S,A,",ESTADO S.A.,66
COMPANIAS DE SEGUROS GENERALES,COMPANIAS DE SEGUROS GENERALES,ESTADO S.A.,ESTADO S.A.,66
COMPANIAS DE SEGUROS GENERALES,COMPANIAS DE SEGUROS GENERALES,"HDI SEGUROS S,A,",HDI SEGUROS S.A.,67
COMPANIAS DE SEGUROS GENERALES,COMPANIAS DE SEGUROS GENERALES,HDI SEGUROS S.A.,HDI SEGUROS S.A.,67
COMPANIAS DE SEGUROS GENERALES,COMPANIAS DE SEGUROS GENERALES,"JMALUCELLITRAVELERS SEGUROS S,A,",JMALUCELLITRAVELERS SEGUROS S.A.,68
COMPANIAS DE SEGUROS GENERALES,COMPANIAS DE SEGUROS GENERALES,JMALUCELLITRAVELERS SEGUROS S.A.,JMALUCELLITRAVELERS SEGUROS S.A.,68
COMPANIAS DE SEGUROS GENERALES,COMPANIAS DE SEGUROS GENERALES,"LIBERTY SEGUROS S,A,",LIBERTY SEGUROS S.A.,69
COMPANIAS DE SEGUROS GENERALES,COMPANIAS DE SEGUROS GENERALES,LIBERTY SEGUROS S.A.,LIBERTY SEGUROS S.A.,69
COMPANIAS DE SEGUROS GENERALES,COMPANIAS DE SEGUROS GENERALES,MAPFRE,MAPFRE,70
COMPANIAS DE SEGUROS GENERALES,COMPANIAS DE SEGUROS GENERALES,MUNDIAL,MUNDIAL,71
COMPANIAS DE SEGUROS GENERALES,COMPANIAS DE SEGUROS GENERALES,Nacional de Seguros,Nacional de Seguros,72
COMPANIAS DE SEGUROS GENERALES,COMPANIAS DE SEGUROS GENERALES,PREVISORA,PREVISORA,73
COMPANIAS DE SEGUROS GENERALES,COMPANIAS DE SEGUROS GENERALES,"SBS SEGUROS COLOMBIA S,A",SBS SEGUROS COLOMBIA S.A,74
COMPANIAS DE SEGUROS GENERALES,COMPANIAS DE SEGUROS GENERALES,SBS SEGUROS COLOMBIA S.A,SBS SEGUROS COLOMBIA S.A,74
COMPANIAS DE SEGUROS GENERALES,COMPANIAS DE SEGUROS GENERALES,"SEGUREXPO DE COLOMBIA S,A,",SEGUREXPO DE COLOMBIA S.A.,75
COMPANIAS DE SEGUROS GENERALES,COMPANIAS DE SEGUROS GENERALES,SEGUREXPO DE COLOMBIA S.A.,SEGUREXPO DE COLOMBIA S.A.,75
COMPANIAS DE SEGUROS GENERALES,COMPANIAS DE SEGUROS GENERALES,"SOL, COLOMBIA SEG, DE CREDITO S,A,",SOL. COLOMBIA SEG. DE CREDITO S.A.,76
COMPANIAS DE SEGUROS GENERALES,COMPANIAS DE SEGUROS GENERALES,SOL. COLOMBIA SEG. DE CREDITO S.A.,SOL. COLOMBIA SEG. DE CREDITO S.A.,76
COMPANIAS DE SEGUROS GENERALES,COMPANIAS DE SEGUROS GENERALES,"SURAMERICANA S,A,",SURAMERICANA S.A.,77
COMPANIAS DE SEGUROS GENERALES,COMPANIAS DE SEGUROS GENERALES,SURAMERICANA S.A.,SURAMERICANA S.A.,77
COMPANIAS DE SEGUROS GENERALES,COMPANIAS DE SEGUROS GENERALES,"ZURICH COLOMBIA SEGUROS S,A,",ZURICH COLOMBIA SEGUROS S.A.,78
COMPANIAS DE SEGUROS GENERALES,COMPANIAS DE SEGUROS GENERALES,ZURICH COLOMBIA SEGUROS S.A.,ZURICH COLOMBIA SEGUROS S.A.,78
COOPERATIVAS CARACTER FINANCIERO,COOPERATIVAS CARACTER FINANCIERO,CONFIAR COOPERATIVA FINANCIERA,CONFIAR COOPERATIVA FINANCIERA,79
COOPERATIVAS CARACTER FINANCIERO,COOPERATIVAS CARACTER FINANCIERO,COOP FINANC EMPRESAS PUBL COOFINEP,COOP FINANC EMPRESAS PUBL COOFINEP,80
COOPERATIVAS CARACTER FINANCIERO,COOPERATIVAS CARACTER FINANCIERO,COOPERATIVA FINANCIERA DE ANTIOQUIA,COOPERATIVA FINANCIERA DE ANTIOQUIA,81
COOPERATIVAS CARACTER FINANCIERO,COOPERATIVAS CARACTER FINANCIERO,COOPKENNEDY,COOPKENNEDY,82
COOPERATIVAS CARACTER FINANCIERO,COOPERATIVAS CARACTER FINANCIERO,COTRAFA COOPERATIVA FINANCIERA,COTRAFA COOPERATIVA FINANCIERA,83
CORPORACIONES FINA11NCIERAS,CORPORACIONES FINANCIERAS,"BANCA DE INVERSION BANCOLOMBIA S,A,",BANCA DE INVERSION BANCOLOMBIA S.A.,84
CORPORACIONES FINA11NCIERAS,CORPORACIONES FINANCIERAS,BANCA DE INVERSION BANCOLOMBIA S.A.,BANCA DE INVERSION BANCOLOMBIA S.A.,84
CORPORACIONES FINA11NCIERAS,CORPORACIONES FINANCIERAS,BNP PARIBAS COLOMBIA CORPORACION FI,BNP PARIBAS COLOMBIA CORPORACION FI,85
CORPORACIONES FINA11NCIERAS,CORPORACIONES FINANCIERAS,CORPORACION FINANCIERA  COLOMBIANA,CORPORACION FINANCIERA  COLOMBIANA,86
CORPORACIONES FINA11NCIERAS,CORPORACIONES FINANCIERAS,"CORPORACION FINANCIERA DAVIVIE S,A,",CORPORACION FINANCIERA DAVIVIE S.A.,87
CORPORACIONES FINA11NCIERAS,CORPORACIONES FINANCIERAS,CORPORACION FINANCIERA DAVIVIE S.A.,CORPORACION FINANCIERA DAVIVIE S.A.,87
CORPORACIONES FINA11NCIERAS,CORPORACIONES FINANCIERAS,CORPORACION FINANCIERA GNB SUDAMERi,CORPORACION FINANCIERA GNB SUDAMERi,88
CORPORACIONES FINA11NCIERAS,CORPORACIONES FINANCIERAS,JPMORGAN CORPORACION FINACIERA,JPMORGAN CORPORACION FINACIERA,89
"ENTID ADM, REGIMEN SOL PRIMA MEDIA",ADM FONDOS DE PENSIONES Y CESANTIAS,ADMINISTRADORA COLOMBIANA  DE PENSI,COLPENSIONES,90
"ENTID ADM, REGIMEN SOL PRIMA MEDIA",ADM FONDOS DE PENSIONES Y CESANTIAS,CAXDAC,COLPENSIONES,90
ENTID ADM. REGIMEN SOL PRIMA MEDIA,ADM FONDOS DE PENSIONES Y CESANTIAS,ADMINISTRADORA COLOMBIANA  DE PENSI,COLPENSIONES,90
ENTID ADM. REGIMEN SOL PRIMA MEDIA,ADM FONDOS DE PENSIONES Y CESANTIAS,CAXDAC,COLPENSIONES,90
ESTABLECIMIENTOS BANCARIOS,ESTABLECIMIENTOS BANCARIOS,AV VILLAS,AV VILLAS,91
ESTABLECIMIENTOS BANCARIOS,ESTABLECIMIENTOS BANCARIOS,BANAGRARIO,BANAGRARIO,92
ESTABLECIMIENTOS BANCARIOS,ESTABLECIMIENTOS BANCARIOS,"BANCAMIA S,A,",BANCAMIA S.A.,93
ESTABLECIMIENTOS BANCARIOS,ESTABLECIMIENTOS BANCARIOS,BANCAMIA S.A.,BANCAMIA S.A.,93
ESTABLECIMIENTOS BANCARIOS,ESTABLECIMIENTOS BANCARIOS,BANCO DE BOGOTA,BANCO DE BOGOTA,94
ESTABLECIMIENTOS BANCARIOS,ESTABLECIMIENTOS BANCARIOS,BANCO DE OCCIDENTE,BANCO DE OCCIDENTE,95
ESTABLECIMIENTOS BANCARIOS,ESTABLECIMIENTOS BANCARIOS,"BANCO FALABELLA S,A,",BANCO FALABELLA S.A.,96
ESTABLECIMIENTOS BANCARIOS,ESTABLECIMIENTOS BANCARIOS,BANCO FALABELLA S.A.,BANCO FALABELLA S.A.,96
ESTABLECIMIENTOS BANCARIOS,ESTABLECIMIENTOS BANCARIOS,BANCO GNB SUDAMERIS,BANCO GNB SUDAMERIS,97
ESTABLECIMIENTOS BANCARIOS,ESTABLECIMIENTOS BANCARIOS,"BANCO PICHINCHA S,A,",BANCO PICHINCHA S.A.,98
ESTABLECIMIENTOS BANCARIOS,ESTABLECIMIENTOS BANCARIOS,BANCO PICHINCHA S.A.,BANCO PICHINCHA S.A.,98
ESTABLECIMIENTOS BANCARIOS,ESTABLECIMIENTOS BANCARIOS,BANCO POPULAR,BANCO POPULAR,99
ESTABLECIMIENTOS BANCARIOS,ESTABLECIMIENTOS BANCARIOS,BANCO SANTANDER,BANCO SANTANDER,100
ESTABLECIMIENTOS BANCARIOS,ESTABLECIMIENTOS BANCARIOS,"BANCO SERFINANSA S,A",BANCO SERFINANSA S.A,101
ESTABLECIMIENTOS BANCARIOS,ESTABLECIMIENTOS BANCARIOS,BANCO SERFINANSA S.A,BANCO SERFINANSA S.A,101
ESTABLECIMIENTOS BANCARIOS,ESTABLECIMIENTOS BANCARIOS,"BANCO W S,A,",BANCO W S.A.,102
ESTABLECIMIENTOS BANCARIOS,ESTABLECIMIENTOS BANCARIOS,BANCO W S.A.,BANCO W S.A.,102
ESTABLECIMIENTOS BANCARIOS,ESTABLECIMIENTOS BANCARIOS,BANCOLOMBIA,BANCOLOMBIA,103
ESTABLECIMIENTOS BANCARIOS,ESTABLECIMIENTOS BANCARIOS,"BANCOMPARTIR S,A,",BANCOMPARTIR S.A.,104
ESTABLECIMIENTOS BANCARIOS,ESTABLECIMIENTOS BANCARIOS,BANCOMPARTIR S.A.,BANCOMPARTIR S.A.,104
ESTABLECIMIENTOS BANCARIOS,ESTABLECIMIENTOS BANCARIOS,BANCOOMEVA,BANCOOMEVA,105
ESTABLECIMIENTOS BANCARIOS,ESTABLECIMIENTOS BANCARIOS,BBVA COLOMBIA,BBVA COLOMBIA,106
ESTABLECIMIENTOS BANCARIOS,ESTABLECIMIENTOS BANCARIOS,"BCSC S,A,",BCSC S.A.,107
ESTABLECIMIENTOS BANCARIOS,ESTABLECIMIENTOS BANCARIOS,BCSC S.A.,BCSC S.A.,107
ESTABLECIMIENTOS BANCARIOS,ESTABLECIMIENTOS BANCARIOS,CITIBANK,CITIBANK,108
ESTABLECIMIENTOS BANCARIOS,ESTABLECIMIENTOS BANCARIOS,COLPATRIA RED MULTIBANCA,COLPATRIA RED MULTIBANCA,109
ESTABLECIMIENTOS BANCARIOS,ESTABLECIMIENTOS BANCARIOS,COOPCENTRAL,COOPCENTRAL,110
ESTABLECIMIENTOS BANCARIOS,ESTABLECIMIENTOS BANCARIOS,"CREDIFINANCIERA S,A,",CREDIFINANCIERA S.A.,111
ESTABLECIMIENTOS BANCARIOS,ESTABLECIMIENTOS BANCARIOS,CREDIFINANCIERA S.A.,CREDIFINANCIERA S.A.,111
ESTABLECIMIENTOS BANCARIOS,ESTABLECIMIENTOS BANCARIOS,DAVIVIENDA,DAVIVIENDA,112
ESTABLECIMIENTOS BANCARIOS,ESTABLECIMIENTOS BANCARIOS,FINANDINA,FINANDINA,113
ESTABLECIMIENTOS BANCARIOS,ESTABLECIMIENTOS BANCARIOS,ITAU,ITAU,114
ESTABLECIMIENTOS BANCARIOS,ESTABLECIMIENTOS BANCARIOS,MUNDO MUJER,MUNDO MUJER,115
INSTITUCIONES OFICIALES ESPECIALES,INSTITUCIONES OFICIALES ESPECIALES,Bancoldex,Bancoldex,116
INSTITUCIONES OFICIALES ESPECIALES,INSTITUCIONES OFICIALES ESPECIALES,CAJA PROMOTORA DE VIVIENDA MILITAR,CAJA PROMOTORA DE VIVIENDA MILITAR,117
INSTITUCIONES OFICIALES ESPECIALES,INSTITUCIONES OFICIALES ESPECIALES,FDO DE GTIAS DE ENT COOP-FOGACOOP,FDO DE GTIAS DE ENT COOP-FOGACOOP,118
INSTITUCIONES OFICIALES ESPECIALES,INSTITUCIONES OFICIALES ESPECIALES,"Fin, de Desarrollo Nacional S,A,",Fin. de Desarrollo Nacional S.A.,119
INSTITUCIONES OFICIALES ESPECIALES,INSTITUCIONES OFICIALES ESPECIALES,Fin. de Desarrollo Nacional S.A.,Fin. de Desarrollo Nacional S.A.,119
INSTITUCIONES OFICIALES ESPECIALES,INSTITUCIONES OFICIALES ESPECIALES,FINAGRO,FINAGRO,120
INSTITUCIONES OFICIALES ESPECIALES,INSTITUCIONES OFICIALES ESPECIALES,"FINDETER S,A,",FINDETER S.A.,121
INSTITUCIONES OFICIALES ESPECIALES,INSTITUCIONES OFICIALES ESPECIALES,FINDETER S.A.,FINDETER S.A.,121
INSTITUCIONES OFICIALES ESPECIALES,INSTITUCIONES OFICIALES ESPECIALES,FOGAFIN - FONDO DE GARANTIAS,FOGAFIN - FONDO DE GARANTIAS,122
INSTITUCIONES OFICIALES ESPECIALES,INSTITUCIONES OFICIALES ESPECIALES,FONADE,FONADE,123
INSTITUCIONES OFICIALES ESPECIALES,INSTITUCIONES OFICIALES ESPECIALES,"FONDO NACIONAL DE GARANTIAS S,A,",FONDO NACIONAL DE GARANTIAS S.A.,124
INSTITUCIONES OFICIALES ESPECIALES,INSTITUCIONES OFICIALES ESPECIALES,FONDO NACIONAL DE GARANTIAS S.A.,FONDO NACIONAL DE GARANTIAS S.A.,124
INSTITUCIONES OFICIALES ESPECIALES,INSTITUCIONES OFICIALES ESPECIALES,FONDO NACIONAL DEL AHORRO,FONDO NACIONAL DEL AHORRO,125
INSTITUCIONES OFICIALES ESPECIALES,INSTITUCIONES OFICIALES ESPECIALES,ICETEX,ICETEX,126
ORGANISMOS DE AUTORREGULACION,ORGANISMOS DE AUTORREGULACION,CORPORACION AUTORREGULADOR DEL MERCADO DE VALORES  DE COLOMBIA  AMV,AMV,127
PROVEEDOR DE PRECIOS PARA VALORACIO,PROVEEDOR DE PRECIOS,PRECIA PROVEEDOR DE PRECIOS PAR,PRECIA PROVEEDOR DE PRECIOS PAR,128
PROVEEDOR DE PRECIOS PARA VALORACIO,PROVEEDOR DE PRECIOS,PROVEEDOR INTEGRAL DE PRECIOS COLOM,PROVEEDOR INTEGRAL DE PRECIOS COLOM,129
SISTEMAS DE PAGO DE BAJO VALOR,SISTEMAS DE PAGO DE BAJO VALOR,A TODA HORA - ATH,ATH,130
SISTEMAS DE PAGO DE BAJO VALOR,SISTEMAS DE PAGO DE BAJO VALOR,ACH COLOMBIA,ACH COLOMBIA,131
SISTEMAS DE PAGO DE BAJO VALOR,SISTEMAS DE PAGO DE BAJO VALOR,"ASSENDA RED S,A,",ASSENDA RED S.A.,132
SISTEMAS DE PAGO DE BAJO VALOR,SISTEMAS DE PAGO DE BAJO VALOR,ASSENDA RED S.A.,ASSENDA RED S.A.,132
SISTEMAS DE PAGO DE BAJO VALOR,SISTEMAS DE PAGO DE BAJO VALOR,CREDIBANCO,CREDIBANCO,133
SISTEMAS DE PAGO DE BAJO VALOR,SISTEMAS DE PAGO DE BAJO VALOR,"Mastercard Colombia Admin S,A, MCCA",Mastercard Colombia Admin S.A. MCCA,134
SISTEMAS DE PAGO DE BAJO VALOR,SISTEMAS DE PAGO DE BAJO VALOR,Mastercard Colombia Admin S.A. MCCA,Mastercard Colombia Admin S.A. MCCA,134
SISTEMAS DE PAGO DE BAJO VALOR,SISTEMAS DE PAGO DE BAJO VALOR,REDEBAN  MULTICOLOR,REDEBAN  MULTICOLOR,135
SISTEMAS DE PAGO DE BAJO VALOR,SISTEMAS DE PAGO DE BAJO VALOR,SERVIBANCA,SERVIBANCA,136
SISTEMAS DE PAGO DE BAJO VALOR,SISTEMAS DE PAGO DE BAJO VALOR,"VISA COLOMBIA SUPPORT SERVICES S,A",VISA COLOMBIA SUPPORT SERVICES S.A,137
SISTEMAS DE PAGO DE BAJO VALOR,SISTEMAS DE PAGO DE BAJO VALOR,VISA COLOMBIA SUPPORT SERVICES S.A,VISA COLOMBIA SUPPORT SERVICES S.A,137
SISTEMAS DE PAGO DE BAJO VALOR,SISTEMAS DE PAGO DE BAJO VALOR,VISIONAMOS,VISIONAMOS,138
SOC ADM SIST DE  NEG Y REG SOBRE VA,SOC ADM SIST DE  NEG Y REG SOBRE VA,"DERIVEX S,A,",DERIVEX S.A.,139
SOC ADM SIST DE  NEG Y REG SOBRE VA,SOC ADM SIST DE  NEG Y REG SOBRE VA,DERIVEX S.A.,DERIVEX S.A.,139
SOC ADM SIST DE  NEG Y REG SOBRE VA,SOC ADM SIST DE  NEG Y REG SOBRE VA,"GFI SECURITIES COLOMBIA S,A",GFI SECURITIES COLOMBIA S.A.,140
SOC ADM SIST DE  NEG Y REG SOBRE VA,SOC ADM SIST DE  NEG Y REG SOBRE VA,GFI SECURITIES COLOMBIA S.A,GFI SECURITIES COLOMBIA S.A.,140
SOC ADM SIST DE  NEG Y REG SOBRE VA,SOC ADM SIST DE  NEG Y REG SOBRE VA,"SET-ICAP SECURITIES COLOMBIA S,A",SET-ICAP SECURITIES COLOMBIA S.A.,141
SOC ADM SIST DE  NEG Y REG SOBRE VA,SOC ADM SIST DE  NEG Y REG SOBRE VA,SET-ICAP SECURITIES COLOMBIA S.A,SET-ICAP SECURITIES COLOMBIA S.A.,141
SOC ADM SIST DE  NEG Y REG SOBRE VA,SOC ADM SIST DE  NEG Y REG SOBRE VA,"TRADITION SECURITIES COLOMBIA S,A,",TRADITION SECURITIES COLOMBIA S.A.,142
SOC ADM SIST DE  NEG Y REG SOBRE VA,SOC ADM SIST DE  NEG Y REG SOBRE VA,TRADITION SECURITIES COLOMBIA S.A.,TRADITION SECURITIES COLOMBIA S.A.,142
SOC ADM SIST DE COMP Y LIQ DE DIVIS,SOC ADM SIST DE COMP Y LIQ DE DIVIS,CAMARA DE COMP DE DIVISAS D COLOMBI,CAMARA DE COMP DE DIVISAS D COLOMBI,143
SOC ADM SIST DE NEG Y REG DE DIVISA,SOC ADM SIST DE NEG Y REG DE DIVISA,"GFI EXCHANGE COLOMBIA S,A",GFI EXCHANGE COLOMBIA S.A.,144
SOC ADM SIST DE NEG Y REG DE DIVISA,SOC ADM SIST DE NEG Y REG DE DIVISA,GFI EXCHANGE COLOMBIA S.A,GFI EXCHANGE COLOMBIA S.A.,144
SOC ADM SIST DE NEG Y REG DE DIVISA,SOC ADM SIST DE NEG Y REG DE DIVISA,"SET ICAP FX S,A,",SET ICAP FX S.A.,145
SOC ADM SIST DE NEG Y REG DE DIVISA,SOC ADM SIST DE NEG Y REG DE DIVISA,SET ICAP FX S.A.,SET ICAP FX S.A.,145
SOC ADM SIST DE NEG Y REG DE DIVISA,SOC ADM SIST DE NEG Y REG DE DIVISA,"TRADITION COLOMBIA S,A,",TRADITION COLOMBIA S.A.,146
SOC ADM SIST DE NEG Y REG DE DIVISA,SOC ADM SIST DE NEG Y REG DE DIVISA,TRADITION COLOMBIA S.A.,TRADITION COLOMBIA S.A.,146
SOC ESP DEPOSITOS Y PAGOS ELECTRONI,SOC ESP DEPOSITOS Y PAGOS ELECTRONI,"AVAL SOLUCIONES DIGITALES S,A",AVAL SOLUCIONES DIGITALES S.A.,147
SOC ESP DEPOSITOS Y PAGOS ELECTRONI,SOC ESP DEPOSITOS Y PAGOS ELECTRONI,AVAL SOLUCIONES DIGITALES S.A,AVAL SOLUCIONES DIGITALES S.A.,147
SOC ESP DEPOSITOS Y PAGOS ELECTRONI,SOC ESP DEPOSITOS Y PAGOS ELECTRONI,"COINK S,A,",COINK S.A.,148
SOC ESP DEPOSITOS Y PAGOS ELECTRONI,SOC ESP DEPOSITOS Y PAGOS ELECTRONI,COINK S.A.,COINK S.A.,148
SOC ESP DEPOSITOS Y PAGOS ELECTRONI,SOC ESP DEPOSITOS Y PAGOS ELECTRONI,"Movii S,A SEDPE",MOVII S.A. SEDPE,149
SOC ESP DEPOSITOS Y PAGOS ELECTRONI,SOC ESP DEPOSITOS Y PAGOS ELECTRONI,Movii S.A SEDPE,MOVII S.A. SEDPE,149
SOC ESP DEPOSITOS Y PAGOS ELECTRONI,SOC ESP DEPOSITOS Y PAGOS ELECTRONI,MOVII S.A SEDPE,MOVII S.A. SEDPE,149
SOC ESP DEPOSITOS Y PAGOS ELECTRONI,SOC ESP DEPOSITOS Y PAGOS ELECTRONI,PAGOS GDE SA,PAGOS GDE S.A.,150
SOC ESP DEPOSITOS Y PAGOS ELECTRONI,SOC ESP DEPOSITOS Y PAGOS ELECTRONI,"TECNIPAGOS S,A,",TECNIPAGOS S.A.,151
SOC ESP DEPOSITOS Y PAGOS ELECTRONI,SOC ESP DEPOSITOS Y PAGOS ELECTRONI,TECNIPAGOS S.A.,TECNIPAGOS S.A.,151
"SOC, ADM, FONDOS DE PENSIONES Y CES",ADM FONDOS DE PENSIONES Y CESANTIAS,"COLFONDOS S,A,",COLFONDOS S.A.,155
"SOC, ADM, FONDOS DE PENSIONES Y CES",ADM FONDOS DE PENSIONES Y CESANTIAS,OLD MUTUAL SOCIEDAD AFPC,OLD MUTUAL SOCIEDAD AFPC,152
"SOC, ADM, FONDOS DE PENSIONES Y CES",ADM FONDOS DE PENSIONES Y CESANTIAS,"PORVENIR S,A,",PORVENIR S.A.,153
"SOC, ADM, FONDOS DE PENSIONES Y CES",ADM FONDOS DE PENSIONES Y CESANTIAS,"PROTECCION S,A,",PROTECCION S.A.,154
SOC. ADM. FONDOS DE PENSIONES Y CES,ADM FONDOS DE PENSIONES Y CESANTIAS,COLFONDOS S.A.,COLFONDOS S.A.,155
SOC. ADM. FONDOS DE PENSIONES Y CES,ADM FONDOS DE PENSIONES Y CESANTIAS,OLD MUTUAL SOCIEDAD AFPC,OLD MUTUAL SOCIEDAD AFPC,152
SOC. ADM. FONDOS DE PENSIONES Y CES,ADM FONDOS DE PENSIONES Y CESANTIAS,PORVENIR S.A.,PORVENIR S.A.,153
SOC. ADM. FONDOS DE PENSIONES Y CES,ADM FONDOS DE PENSIONES Y CESANTIAS,PROTECCION S.A.,PROTECCION S.A.,154
SOCIEDADES ADMINISTRADORAS DE DEPOSITOS CENTRALIZADOS V,SOCIEDADES ADMINISTRADORAS DE DEPOSITOS CENTRALIZADOS V,DEPOSITO CENTRALIZADO DE VALORES DE COLOMBIA DECEVAL S.A.,DEPOSITO CENTRALIZADO DE VALORES DE COLOMBIA DECEVAL S.A.,156
SOCIEDADES ADMINISTRADORAS DE INVERSION,SOCIEDADES ADMINISTRADORAS DE INVERSION,PROGRESION SOCIEDAD ADMINISTRADORA DE INVERSION S.A.,PROGRESION SOCIEDAD ADMINISTRADORA DE INVERSION S.A.,157
SOCIEDADES ADMINISTRADORAS DE INVERSION,SOCIEDADES ADMINISTRADORAS DE INVERSION,SEAF COLOMBIA S.A. SOCIEDAD ADMINISTRADORA DE INVERSION,SEAF COLOMBIA S.A. SOCIEDAD ADMINISTRADORA DE INVERSION,158
SOCIEDADES CALIFICADORAS DE VALORES,SOCIEDADES CALIFICADORAS DE VALORES,BRC INVESTOR SERVICES S.A. SOCIEDAD CALIFICADORA DE VALORES,BRC INVESTOR SERVICES S.A. SOCIEDAD CALIFICADORA DE VALORES,159
SOCIEDADES CALIFICADORAS DE VALORES,SOCIEDADES CALIFICADORAS DE VALORES,FITCH RATINGS COLOMBIA S.A. SOCIEDAD CALIFICADORA DE VALORES,FITCH RATINGS COLOMBIA S.A. SOCIEDAD CALIFICADORA DE VALORES,160
SOCIEDADES CALIFICADORAS DE VALORES,SOCIEDADES CALIFICADORAS DE VALORES,VALUE AND RISK RATING S.A.,VALUE AND RISK RATING S.A.,161
SOCIEDADES COMISIONISTAS DE BOLSAS AGROPECUARIAS,SOCIEDADES COMISIONISTAS DE BOLSAS AGROPECUARIAS,AGROBOLSA S.A. COMISIONISTA DE BOLSA,AGROBOLSA S.A. COMISIONISTA DE BOLSA,162
SOCIEDADES COMISIONISTAS DE BOLSAS AGROPECUARIAS,SOCIEDADES COMISIONISTAS DE BOLSAS AGROPECUARIAS,BURSATILES GANADEROS DE COLOMBIA S.A.,BURSATILES GANADEROS DE COLOMBIA S.A.,163
SOCIEDADES COMISIONISTAS DE BOLSAS AGROPECUARIAS,SOCIEDADES COMISIONISTAS DE BOLSAS AGROPECUARIAS,COMISIONISTAS AGROPECUARIOS S.A. COMIAGRO S.A.,COMISIONISTAS AGROPECUARIOS S.A. COMIAGRO S.A.,164
SOCIEDADES COMISIONISTAS DE BOLSAS AGROPECUARIAS,SOCIEDADES COMISIONISTAS DE BOLSAS AGROPECUARIAS,COMISIONISTAS FINANCIEROS AGROPECUARIOS S.A.,COMISIONISTAS FINANCIEROS AGROPECUARIOS S.A.,165
SOCIEDADES COMISIONISTAS DE BOLSAS AGROPECUARIAS,SOCIEDADES COMISIONISTAS DE BOLSAS AGROPECUARIAS,CORREAGRO S.A.,CORREAGRO S.A.,166
SOCIEDADES COMISIONISTAS DE BOLSAS AGROPECUARIAS,SOCIEDADES COMISIONISTAS DE BOLSAS AGROPECUARIAS,CORREDORES DE VALORES AGROPECUARIOS S.A.,CORREDORES DE VALORES AGROPECUARIOS S.A.,167
SOCIEDADES COMISIONISTAS DE BOLSAS AGROPECUARIAS,SOCIEDADES COMISIONISTAS DE BOLSAS AGROPECUARIAS,GEOCAPITAL S.A.,GEOCAPITAL S.A.,168
SOCIEDADES COMISIONISTAS DE BOLSAS AGROPECUARIAS,SOCIEDADES COMISIONISTAS DE BOLSAS AGROPECUARIAS,MERCADO Y BOLSA S.A.,MERCADO Y BOLSA S.A.,169
SOCIEDADES COMISIONISTAS DE BOLSAS AGROPECUARIAS,SOCIEDADES COMISIONISTAS DE BOLSAS AGROPECUARIAS,MIGUEL  QUIJANO  Y  COMPANIA  S. A.,MIGUEL  QUIJANO  Y  COMPANIA  S. A.,170
SOCIEDADES COMISIONISTAS DE BOLSAS AGROPECUARIAS,SOCIEDADES COMISIONISTAS DE BOLSAS AGROPECUARIAS,RENTA Y CAMPO CORREDORES S.A.,RENTA Y CAMPO CORREDORES S.A.,171
SOCIEDADES COOPERATIVAS DE SEGUROS,SOCIEDADES COOPERATIVAS DE SEGUROS,LA EQUIDAD SEGUROS GENERALES,LA EQUIDAD SEGUROS GENERALES,172
SOCIEDADES COOPERATIVAS DE SEGUROS,SOCIEDADES COOPERATIVAS DE SEGUROS,SOLIDARIA,SOLIDARIA,173
SOCIEDADES DE CAPITALIZACION,SOCIEDADES DE CAPITALIZACION,"AXA COLPATRIA CAPITALIZADORA S,A,",AXA COLPATRIA CAPITALIZADORA S.A.,174
SOCIEDADES DE CAPITALIZACION,SOCIEDADES DE CAPITALIZACION,AXA COLPATRIA CAPITALIZADORA S.A.,AXA COLPATRIA CAPITALIZADORA S.A.,174
SOCIEDADES DE CAPITALIZACION,SOCIEDADES DE CAPITALIZACION,BOLIVAR,BOLIVAR,175
SOCIEDADES DE CAPITALIZACION,SOCIEDADES DE CAPITALIZACION,"CAPITALIZADORA COLMENA S,A,",CAPITALIZADORA COLMENA S.A.,176
SOCIEDADES DE CAPITALIZACION,SOCIEDADES DE CAPITALIZACION,CAPITALIZADORA COLMENA S.A.,CAPITALIZADORA COLMENA S.A.,176
SOCIEDADES FIDUCIARIAS,SOCIEDADES FIDUCIARIAS,ACCION FIDUCIARIA,ACCION FIDUCIARIA,177
SOCIEDADES FIDUCIARIAS,SOCIEDADES FIDUCIARIAS,"ALIANZA S,A,",ALIANZA S.A.,178
SOCIEDADES FIDUCIARIAS,SOCIEDADES FIDUCIARIAS,ALIANZA S.A.,ALIANZA S.A.,178
SOCIEDADES FIDUCIARIAS,SOCIEDADES FIDUCIARIAS,"ASHMORE INVESTMENT ADVISORS CO S,A,",ASHMORE INVESTMENT ADVISORS CO S.A.,179
SOCIEDADES FIDUCIARIAS,SOCIEDADES FIDUCIARIAS,ASHMORE INVESTMENT ADVISORS CO S.A.,ASHMORE INVESTMENT ADVISORS CO S.A.,179
SOCIEDADES FIDUCIARIAS,SOCIEDADES FIDUCIARIAS,"BBVA FIDUCIARIA S,A,",BBVA FIDUCIARIA S.A.,180
SOCIEDADES FIDUCIARIAS,SOCIEDADES FIDUCIARIAS,BBVA FIDUCIARIA S.A.,BBVA FIDUCIARIA S.A.,180
SOCIEDADES FIDUCIARIAS,SOCIEDADES FIDUCIARIAS,BNP PARIBAS SECURITIES SERVICES SOC,BNP PARIBAS SECURITIES SERVICES SOC,181
SOCIEDADES FIDUCIARIAS,SOCIEDADES FIDUCIARIAS,BTG PACTUAL,BTG PACTUAL,182
SOCIEDADES FIDUCIARIAS,SOCIEDADES FIDUCIARIAS,"CITITRUST S,A,",CITITRUST S.A.,183
SOCIEDADES FIDUCIARIAS,SOCIEDADES FIDUCIARIAS,CITITRUST S.A.,CITITRUST S.A.,183
SOCIEDADES FIDUCIARIAS,SOCIEDADES FIDUCIARIAS,"Credicorp Capital Fiduciaria S,A,",Credicorp Capital Fiduciaria S.A.,184
SOCIEDADES FIDUCIARIAS,SOCIEDADES FIDUCIARIAS,Credicorp Capital Fiduciaria S.A.,Credicorp Capital Fiduciaria S.A.,184
SOCIEDADES FIDUCIARIAS,SOCIEDADES FIDUCIARIAS,"FIDUAGRARIA S,A,",FIDUAGRARIA S.A.,185
SOCIEDADES FIDUCIARIAS,SOCIEDADES FIDUCIARIAS,FIDUAGRARIA S.A.,FIDUAGRARIA S.A.,185
SOCIEDADES FIDUCIARIAS,SOCIEDADES FIDUCIARIAS,"FIDUCENTRAL S,A,",FIDUCENTRAL S.A.,186
SOCIEDADES FIDUCIARIAS,SOCIEDADES FIDUCIARIAS,FIDUCENTRAL S.A.,FIDUCENTRAL S.A.,186
SOCIEDADES FIDUCIARIAS,SOCIEDADES FIDUCIARIAS,"Fiduciaria Bancolombia S,A,",Fiduciaria Bancolombia S.A.,187
SOCIEDADES FIDUCIARIAS,SOCIEDADES FIDUCIARIAS,Fiduciaria Bancolombia S.A.,Fiduciaria Bancolombia S.A.,187
SOCIEDADES FIDUCIARIAS,SOCIEDADES FIDUCIARIAS,"FIDUCIARIA BOGOTA S,A,",FIDUCIARIA BOGOTA S.A.,188
SOCIEDADES FIDUCIARIAS,SOCIEDADES FIDUCIARIAS,FIDUCIARIA BOGOTA S.A.,FIDUCIARIA BOGOTA S.A.,188
SOCIEDADES FIDUCIARIAS,SOCIEDADES FIDUCIARIAS,"FIDUCIARIA COLMENA S,A,",FIDUCIARIA COLMENA S.A.,189
SOCIEDADES FIDUCIARIAS,SOCIEDADES FIDUCIARIAS,FIDUCIARIA COLMENA S.A.,FIDUCIARIA COLMENA S.A.,189
SOCIEDADES FIDUCIARIAS,SOCIEDADES FIDUCIARIAS,FIDUCIARIA COLPATRIA,FIDUCIARIA COLPATRIA,190
SOCIEDADES FIDUCIARIAS,SOCIEDADES FIDUCIARIAS,"FIDUCIARIA CORFICOLOMBIANA S,A,",FIDUCIARIA CORFICOLOMBIANA S.A.,191
SOCIEDADES FIDUCIARIAS,SOCIEDADES FIDUCIARIAS,FIDUCIARIA CORFICOLOMBIANA S.A.,FIDUCIARIA CORFICOLOMBIANA S.A.,191
SOCIEDADES FIDUCIARIAS,SOCIEDADES FIDUCIARIAS,FIDUCIARIA DAVIVIENDA,FIDUCIARIA DAVIVIENDA,192
SOCIEDADES FIDUCIARIAS,SOCIEDADES FIDUCIARIAS,"FIDUCIARIA POPULAR S,A,",FIDUCIARIA POPULAR S.A.,193
SOCIEDADES FIDUCIARIAS,SOCIEDADES FIDUCIARIAS,FIDUCIARIA POPULAR S.A.,FIDUCIARIA POPULAR S.A.,193
SOCIEDADES FIDUCIARIAS,SOCIEDADES FIDUCIARIAS,"FIDUCOLDEX S,A,",FIDUCOLDEX S.A.,194
SOCIEDADES FIDUCIARIAS,SOCIEDADES FIDUCIARIAS,FIDUCOLDEX S.A.,FIDUCOLDEX S.A.,194
SOCIEDADES FIDUCIARIAS,SOCIEDADES FIDUCIARIAS,FIDUCOOMEVA,FIDUCOOMEVA,195
SOCIEDADES FIDUCIARIAS,SOCIEDADES FIDUCIARIAS,"FIDUOCCIDENTE S,A,",FIDUOCCIDENTE S.A.,196
SOCIEDADES FIDUCIARIAS,SOCIEDADES FIDUCIARIAS,FIDUOCCIDENTE S.A.,FIDUOCCIDENTE S.A.,196
SOCIEDADES FIDUCIARIAS,SOCIEDADES FIDUCIARIAS,"GESTION FIDUCIARIA S,A,",GESTION FIDUCIARIA S.A.,197
SOCIEDADES FIDUCIARIAS,SOCIEDADES FIDUCIARIAS,GESTION FIDUCIARIA S.A.,GESTION FIDUCIARIA S.A.,197
SOCIEDADES FIDUCIARIAS,SOCIEDADES FIDUCIARIAS,ITAU FIDUCIARIA,ITAU FIDUCIARIA,198
SOCIEDADES FIDUCIARIAS,SOCIEDADES FIDUCIARIAS,ITAU SECURITIES SERVICES,ITAU SECURITIES SERVICES,199
SOCIEDADES FIDUCIARIAS,SOCIEDADES FIDUCIARIAS,"OLD MUTUAL SOCIEDAD FIDUCIARIA S,A,",OLD MUTUAL SOCIEDAD FIDUCIARIA S.A.,200
SOCIEDADES FIDUCIARIAS,SOCIEDADES FIDUCIARIAS,OLD MUTUAL SOCIEDAD FIDUCIARIA S.A.,OLD MUTUAL SOCIEDAD FIDUCIARIA S.A.,200
SOCIEDADES FIDUCIARIAS,SOCIEDADES FIDUCIARIAS,"PREVISORA S,A,",PREVISORA S.A.,201
SOCIEDADES FIDUCIARIAS,SOCIEDADES FIDUCIARIAS,PREVISORA S.A.,PREVISORA S.A.,201
SOCIEDADES FIDUCIARIAS,SOCIEDADES FIDUCIARIAS,"RENTA 4 & GLOBAL FIDUCIARIA S,A,",RENTA 4 & GLOBAL FIDUCIARIA S.A.,202
SOCIEDADES FIDUCIARIAS,SOCIEDADES FIDUCIARIAS,RENTA 4 & GLOBAL FIDUCIARIA S.A.,RENTA 4 & GLOBAL FIDUCIARIA S.A.,202
SOCIEDADES FIDUCIARIAS,SOCIEDADES FIDUCIARIAS,SANTANDER SECURITIES SERVICES,SANTANDER SECURITIES SERVICES,203
SOCIEDADES FIDUCIARIAS,SOCIEDADES FIDUCIARIAS,"SERVITRUST GNB SUDAMERIS S,A,",SERVITRUST GNB SUDAMERIS S.A.,204
SOCIEDADES FIDUCIARIAS,SOCIEDADES FIDUCIARIAS,SERVITRUST GNB SUDAMERIS S.A.,SERVITRUST GNB SUDAMERIS S.A.,204
